name,adjective
Sarah,Adaptable
Jonathan,Adventurous
John,Affable
Sean,Affectionate
Kyle,Agreeable
Asare,Ambitious
Maria,Amiable
Alex,Amicable
Alexander,Amusing
Prischa,Artistic
Naomi,Brave
Patrick,Bright
Olivia,Broad-minded
Emma,Calm
Sebastian,Careful
Lily,Charismatic
Marcus,Charming
Ethan,Chatty
Ava,Cheerful
Lucas,Clever
Nicklas,Communicative
Jacob,Compassionate
Fred,Conscientious
Michelle,Considerate
Bianca,Convivial
Cole,Courageous
Marianne,Creative
Oliver,Decisive
Vanessa,Dependable
Jackson,Determined
Ivy,Diligent
Samantha,Diplomatic
Sam,Discreet
Charlie,Dynamic
Leah,Easy-going
Owen,Emotional
Isabel,Efficient
Isabelle,Energetic
Evan,Enthusiastic
Lila,Extroverted
Henry,Exuberant
Kira,Fair-minded
Mason,Faithful
Lewis,Fearless
Jenny,Forceful
Jennifer,Frank
Kat,Friendly
Shelby,Funny
Emelia,Generous
Emily,Gentle
David,Giving
Willow,Good
Aaron,Gregarious
Fiona,Hardworking
Lysander,Helpful
Max,Hilarious
Maxwell,Honest
Matt,Humorous
Matthew,Imaginative
Jenna,Impartial
Gabriel,Independent
Harry,Industrious
Harrison,Intelligent
Mabel,Intellectual
Daisy,Intuitive
Finn,Inventive
Jade,Joyful
Leo,Kind
Greta,Kooky
Jasper,Laid-back
Tom,Likable
Thomas,Loving
Jordan,Loyal
Sage,Lucky
Ryder,Modest
Felix,Neat
Quinn,Nice
Peter,Non-judgemental
Ron,Observant
Julie,Optimistic
Julliane,Organized
Zara,Passionate
Sara,Patient
Nolan,Persistent
Violet,Pioneering
August,Philosophical
Harper,Placid
Bryce,Plucky
Anthony,Polite
Kelly,Popular
Gradey,Powerful
Jalen,Practical
Dajuan,Pro-active
Ashton,Quick-witted
Lauren,Quiet
Maddie,Rational
Kai,Reliable
Dahlia,Reserved
Hazel,Resourceful
Eden,Romantic
Asher,Confident
Rosie,Disciplined
Rose,Sensible
Maverick,Sensitive
Opal,Shy
Iris,Silly
Phoenix,Sincere
Kiera,Smart
Sterling,Socialable
Sienna,Straight-Forward
Finnegan,Sympathetic
Logan,Talkative
Carlos,Thoughtful
Lucy,Tidy
Aurora,Tough
Riley,Trustworthy
Niko,Unassuming
Sasha,Understanding
Mika,Upbeat
Cade,Versatile
Lilith,Warmhearted
Julian,Wild
Viola,Wise
Ida,Witty
Astrid,Aggressive
Eliza,Aloof
Elise,Anxious
Niamh,Arrogant
Atticus,Bad-Tempered
Daphne,Belligerent
Lydia,Big-Headed
Jack,Boastful
Jake,Boring
Michael,Bossy
Cassandra,Callous
Darian,Careless
Poppy,Clingy
Luna,Confrontational
Juniper,Cowardly
Kieran,Cruel
Yara,Cynical
Jill,Deceitful
Lisa,Defensive
Nadia,Devious
Ruby,Dim
Flynn,Dishonest
Alexei,Domineering
Katherine,Egotistical
Kate,Finicky
Katie,Foolish
Eric,Gussy
Heather,Gullible
Natalie,Grumpy
Nat,Hostile
Justin,Idle
Maya,Impatient
Kara,Impolite
Alice,Impulsive
Paige,Inconsiderate
Isaac,Indecisive
Anna,Indiscreet
Anne,Inflexible
Jasmine,Intolerant
Vince,Introverted
Vincent,Irresponsible
Sophia,Jealous
Sophie,Lazy
Amelia,Loud
Mia,Mean
Evelyn,Moody
Charlotte,Narrowminded
Aria,Nasty
Ella,Nervous
Grace,Obstinate
Lola,Overcritical
Lucia,Overemotional
Daniela,Patronizing
Carla,Pig-headed
Rachel,Pessimistic
Aiden,Pompous
Hannah,Possessive
Brandon,Quick-tempered
Andrew,Resentful
Blake,Rude
Liam,Secretive
Ryan,Self-centered
Scott,Selfish
Megan,Silly
Meg,Sneaky
Maggie,Stubborn
Sierra,Stupid
Caleb,Sullen
Marcy,Tactless
Daniel,Thoughtless
Benjamin,Touchy
Ben,Unlucky
Amber,Unpredictable
Abby,Unreliable
Claire,Untidy
Brooke,Untrustworthy
Abigail,Vague
Blaze,Vain
Bailey,Vulgar
Pepper,Weak-willed
Jet,Introspective
Winston,Beautiful
Jess,Talented
Jessica,Mysterious
Kim,Outgoing
Kimberly,Gifted
River,Skilled
Scarlett,Rugged
Gail,Bubbly
Pearl,Sweet
Maple,Caring
Ridge,Quirky
Sandy,Eccentric
Melanie,Driven
Mel,Studious
Gabe,Knowledgeable
Crystal,Kind-hearted
Mandy,Warm
Victor,Gruff
Jane,No-nonsense
Mary,Enigmatic
Sofia,Grizzled
Holly,Weathered
Oscar,Daring
Tyler,Fiery
Angelica,Nurturing
Gia,Jovial
Trevor,Mystical
Blair,Fierce
Carmen,Brooding
Simone,Graceful
Damon,Elegant
Ria,Curious
Rhea,Experienced
Keenan,Dark
Keegan,Approachable
Lyra,Down-to-earth
Connor,Self-assured
Ash,Vivacious
Cleo,Stoic
Eva,Contemplative
Perry,Insightful
Sabrina,Dedicated
Skylar,Peaceful
Shane,Playful
Tessa,
Tess,
Tara,
Brenda,
Yvette,
Will,
Willy,
Zeke,
Zuri,
Alfonso,
Marisol,
Mateo,
Tatiana,
Vega,
Armando,
Bella,
Emilia,
Edgar,
